{
    "loss": [
        4.106053352355957,
        4.0133748054504395,
        3.8667685985565186,
        3.6708972454071045,
        3.40240740776062,
        3.157424211502075,
        2.9121358394622803,
        2.6318767070770264,
        2.269232988357544,
        1.9731067419052124,
        1.6825839281082153,
        1.437362551689148,
        1.1924488544464111,
        1.0408751964569092,
        0.8964389562606812,
        0.7830400466918945,
        0.6740294098854065,
        0.6068128347396851,
        0.5540518164634705,
        0.48255306482315063,
        0.4473448395729065,
        0.4039751887321472,
        0.3687729835510254,
        0.34855130314826965,
        0.3257926404476166,
        0.3085813522338867,
        0.28646335005760193,
        0.2759183645248413,
        0.2649431526660919,
        0.25371310114860535,
        0.24120190739631653,
        0.22670845687389374,
        0.22590771317481995,
        0.21170207858085632,
        0.19450807571411133,
        0.1979266256093979,
        0.18033519387245178,
        0.17880932986736298,
        0.1875290423631668,
        0.17057637870311737,
        0.15858086943626404,
        0.14641131460666656,
        0.1468561738729477,
        0.1478535681962967,
        0.144187331199646,
        0.14727823436260223,
        0.13621893525123596,
        0.12926757335662842,
        0.13150154054164886,
        0.1361224204301834,
        0.12756578624248505,
        0.12684401869773865,
        0.12355349212884903,
        0.11802120506763458,
        0.10860664397478104,
        0.11437879502773285,
        0.11296646296977997,
        0.10871510207653046,
        0.10725139081478119,
        0.1093454658985138
    ],
    "accuracy": [
        0.023068049922585487,
        0.03418685123324394,
        0.04673587158322334,
        0.07778546959161758,
        0.1250288337469101,
        0.1720876544713974,
        0.2159169614315033,
        0.27460208535194397,
        0.3631833791732788,
        0.43750864267349243,
        0.5125721096992493,
        0.5716724395751953,
        0.6417070627212524,
        0.6821684241294861,
        0.7221683859825134,
        0.7585697770118713,
        0.7872664332389832,
        0.8098269701004028,
        0.8263898491859436,
        0.8446136116981506,
        0.8570241928100586,
        0.8694809675216675,
        0.8823529481887817,
        0.8876124620437622,
        0.8937947154045105,
        0.8979930877685547,
        0.90606689453125,
        0.9088811874389648,
        0.9126182198524475,
        0.9168627262115479,
        0.9229527115821838,
        0.9264129400253296,
        0.9262283444404602,
        0.929688572883606,
        0.9372549057006836,
        0.9362398982048035,
        0.9408535361289978,
        0.9428373575210571,
        0.9388235211372375,
        0.945051908493042,
        0.9486044049263,
        0.9521568417549133,
        0.9527105093002319,
        0.9534025192260742,
        0.9532641172409058,
        0.9528950452804565,
        0.9557093381881714,
        0.9585697650909424,
        0.9560322761535645,
        0.9564475417137146,
        0.9585697650909424,
        0.959446370601654,
        0.9599538445472717,
        0.9614301919937134,
        0.9649365544319153,
        0.9635524749755859,
        0.9631834030151367,
        0.9650288224220276,
        0.9659515619277954,
        0.9659515619277954
    ],
    "val_loss": [
        4.027719020843506,
        3.9093310832977295,
        3.7331395149230957,
        3.510963201522827,
        3.1826210021972656,
        2.8924009799957275,
        2.631229877471924,
        2.295649290084839,
        2.0487875938415527,
        1.794607162475586,
        1.5132852792739868,
        1.3478221893310547,
        1.3631231784820557,
        1.1133627891540527,
        1.0375052690505981,
        1.0050382614135742,
        1.018149495124817,
        0.9466802477836609,
        0.9385430216789246,
        0.9826133847236633,
        0.9206143617630005,
        0.9425870180130005,
        0.9617344737052917,
        0.9493122100830078,
        0.9664356112480164,
        0.8763369917869568,
        0.96367347240448,
        0.9170274138450623,
        0.8773584961891174,
        0.9003440141677856,
        0.9080623984336853,
        1.028075098991394,
        0.9030027985572815,
        0.9115102887153625,
        1.113486886024475,
        0.8907851576805115,
        0.9826138019561768,
        0.898737370967865,
        0.9613111019134521,
        1.0890758037567139,
        0.9509976506233215,
        1.0794204473495483,
        1.0032703876495361,
        1.3318591117858887,
        1.0414665937423706,
        0.9569873213768005,
        0.9929982423782349,
        1.0168298482894897,
        1.1180574893951416,
        1.0414698123931885,
        1.1957993507385254,
        0.9584180116653442,
        0.992789626121521,
        1.0992040634155273,
        1.0460699796676636,
        1.0813713073730469,
        1.0637279748916626,
        1.04999577999115,
        1.0220863819122314,
        1.0192853212356567
    ],
    "val_accuracy": [
        0.04104575142264366,
        0.0407843142747879,
        0.0671895444393158,
        0.13019607961177826,
        0.1890196055173874,
        0.25019606947898865,
        0.29856207966804504,
        0.38823530077934265,
        0.4562091529369354,
        0.5233986973762512,
        0.6005228757858276,
        0.6507189273834229,
        0.6491503119468689,
        0.7066666483879089,
        0.732287585735321,
        0.7456209063529968,
        0.7432679533958435,
        0.7667973637580872,
        0.7756862640380859,
        0.7675817012786865,
        0.7835294008255005,
        0.7788235545158386,
        0.7832679748535156,
        0.7921568751335144,
        0.7814379334449768,
        0.7958170175552368,
        0.7911111116409302,
        0.7960784435272217,
        0.8065359592437744,
        0.8091503381729126,
        0.801307201385498,
        0.7926797270774841,
        0.8117647171020508,
        0.8075817227363586,
        0.8010457754135132,
        0.8214378952980042,
        0.8096731901168823,
        0.8067973852157593,
        0.8104575276374817,
        0.7973856329917908,
        0.8075817227363586,
        0.8086274266242981,
        0.8162091374397278,
        0.7780392169952393,
        0.8026143908500671,
        0.8175163269042969,
        0.821699321269989,
        0.8290196061134338,
        0.805751621723175,
        0.8198692798614502,
        0.800000011920929,
        0.8232679963111877,
        0.8237908482551575,
        0.8201307058334351,
        0.8269280791282654,
        0.8250980377197266,
        0.8164705634117126,
        0.8240522742271423,
        0.8112418055534363,
        0.8112418055534363
    ]
}