{"loss": [0.4112744927406311, 0.15679600834846497, 0.11363714188337326, 0.08329971134662628, 0.07542150467634201, 0.06257764250040054, 0.051303666085004807, 0.04562711715698242, 0.04288317263126373, 0.03832247480750084, 0.030881736427545547, 0.0351409986615181, 0.030362779274582863, 0.024773182347416878, 0.025333929806947708, 0.02546362578868866, 0.021753760054707527, 0.017851881682872772, 0.01953783631324768, 0.018526041880249977, 0.01735769584774971, 0.017461009323596954, 0.017775466665625572, 0.016663581132888794, 0.012563834898173809, 0.014578774571418762, 0.012465291656553745, 0.01355221588164568, 0.011641415767371655, 0.01330251432955265, 0.007992345839738846, 0.013422790914773941, 0.011422953568398952, 0.010482088662683964, 0.009438492357730865, 0.010172638110816479, 0.009020844474434853, 0.009753800928592682, 0.008032227866351604, 0.008121556602418423, 0.00851112324744463, 0.009787281043827534, 0.014565957710146904, 0.0065246932208538055, 0.006691309157758951, 0.006517508067190647, 0.0039247553795576096, 0.0061583747155964375, 0.006938956677913666, 0.0072046383284032345, 0.006633392535150051, 0.006559780333191156, 0.007108098361641169, 0.006311783101409674, 0.006679476238787174, 0.004427158273756504, 0.006761359516531229, 0.006340573541820049, 0.005563283804804087, 0.004074202384799719], "accuracy": [0.8734533190727234, 0.9494568109512329, 0.9634662866592407, 0.9733651876449585, 0.9755882620811462, 0.9796988368034363, 0.982718825340271, 0.9855291247367859, 0.9855710864067078, 0.9877521991729736, 0.9896816611289978, 0.9876682758331299, 0.9899333119392395, 0.9920724630355835, 0.991694986820221, 0.9914852380752563, 0.992408037185669, 0.994463324546814, 0.9932050108909607, 0.9930791258811951, 0.9946730136871338, 0.9945891499519348, 0.9939599633216858, 0.994463324546814, 0.9955958127975464, 0.9950085878372192, 0.9959733486175537, 0.9949247241020203, 0.9963508248329163, 0.9956377744674683, 0.997231662273407, 0.9956797361373901, 0.9961410760879517, 0.9963088631629944, 0.9969380497932434, 0.9965605735778809, 0.9968122243881226, 0.9969380497932434, 0.9974414110183716, 0.997315526008606, 0.9974833130836487, 0.9970219135284424, 0.9953441619873047, 0.9978188872337341, 0.997944712638855, 0.9980705380439758, 0.998573899269104, 0.9979866743087769, 0.9976511001586914, 0.9978188872337341, 0.9976091384887695, 0.9979866743087769, 0.9976511001586914, 0.9979866743087769, 0.997944712638855, 0.9984899759292603, 0.9978188872337341, 0.9981544613838196, 0.9983641505241394, 0.9988675117492676], "val_loss": [0.12866443395614624, 0.0784844383597374, 0.06224377825856209, 0.05580620840191841, 0.07823476195335388, 0.05188806727528572, 0.03734230622649193, 0.044411830604076385, 0.035690754652023315, 0.04173307865858078, 0.03419976681470871, 0.036156248301267624, 0.025498950853943825, 0.043646760284900665, 0.0360504575073719, 0.037148524075746536, 0.01961684226989746, 0.02831403911113739, 0.02370266243815422, 0.023586563766002655, 0.028013013303279877, 0.02880597859621048, 0.028623247519135475, 0.029555249959230423, 0.0268328245729208, 0.02313065528869629, 0.024681761860847473, 0.01838780753314495, 0.030023299157619476, 0.02395523712038994, 0.025542382150888443, 0.01984153501689434, 0.01814574934542179, 0.02761201187968254, 0.031345125287771225, 0.016954666003584862, 0.022934677079319954, 0.020142147317528725, 0.023293685168027878, 0.02444184571504593, 0.0171645674854517, 0.019762709736824036, 0.016190508380532265, 0.02306298539042473, 0.029728896915912628, 0.02586674503982067, 0.020526396110653877, 0.022005518898367882, 0.023016106337308884, 0.02494533732533455, 0.024162176996469498, 0.03194670006632805, 0.020111626014113426, 0.024500468745827675, 0.021319963037967682, 0.023330751806497574, 0.026249198243021965, 0.018138421699404716, 0.026529889553785324, 0.02421686053276062], "val_accuracy": [0.9605513215065002, 0.9759981036186218, 0.9793251156806946, 0.9831273555755615, 0.9762357473373413, 0.9855037927627563, 0.9888308048248291, 0.9859790802001953, 0.9885931611061096, 0.9866920113563538, 0.990256667137146, 0.9888308048248291, 0.9923954606056213, 0.9883555173873901, 0.9900190234184265, 0.9893060922622681, 0.9931083917617798, 0.9921578168869019, 0.9928707480430603, 0.9926331043243408, 0.9914448857307434, 0.990731954574585, 0.9904943108558655, 0.9923954606056213, 0.9921578168869019, 0.9938212633132935, 0.9921578168869019, 0.9942965507507324, 0.9912072420120239, 0.9931083917617798, 0.9938212633132935, 0.9942965507507324, 0.9942965507507324, 0.9928707480430603, 0.9933460354804993, 0.9954847693443298, 0.9940589070320129, 0.9947718381881714, 0.9940589070320129, 0.9947718381881714, 0.9950094819068909, 0.9961977005004883, 0.9954847693443298, 0.9942965507507324, 0.9916825294494629, 0.9945341944694519, 0.9957224130630493, 0.9945341944694519, 0.9957224130630493, 0.9947718381881714, 0.9954847693443298, 0.9923954606056213, 0.9959600567817688, 0.9945341944694519, 0.9950094819068909, 0.9940589070320129, 0.9945341944694519, 0.9954847693443298, 0.9947718381881714, 0.9947718381881714]}