{"loss": [3.4166676998138428, 2.2071902751922607, 1.5197278261184692, 1.117563009262085, 0.8744575381278992, 0.7109307646751404, 0.5929513573646545, 0.49759185314178467, 0.43534377217292786, 0.38256439566612244, 0.33721423149108887, 0.30153557658195496, 0.2721174955368042, 0.24458809196949005, 0.21812428534030914, 0.20538753271102905, 0.1851172149181366, 0.17021444439888, 0.15622155368328094, 0.14852279424667358], "accuracy": [0.15104959905147552, 0.4004613757133484, 0.5709342360496521, 0.6787543296813965, 0.7505882382392883, 0.793310284614563, 0.8246828317642212, 0.8546251654624939, 0.8700345754623413, 0.8866435885429382, 0.8997923731803894, 0.9096655249595642, 0.9180161356925964, 0.9262283444404602, 0.9342560768127441, 0.9388235211372375, 0.9444059729576111, 0.9468511939048767, 0.9538639187812805, 0.9546481966972351], "val_loss": [2.320016384124756, 1.3055644035339355, 0.8649914860725403, 0.705665647983551, 0.4692972004413605, 0.3873295783996582, 0.2983038127422333, 0.2639005780220032, 0.24029336869716644, 0.22530756890773773, 0.1626434475183487, 0.15051057934761047, 0.17179995775222778, 0.1925690621137619, 0.1358957588672638, 0.12568829953670502, 0.12342415750026703, 0.1658177226781845, 0.11484561115503311, 0.13814954459667206], "val_accuracy": [0.393464058637619, 0.6901960968971252, 0.790065348148346, 0.8313725590705872, 0.8807843327522278, 0.8983006477355957, 0.9317647218704224, 0.9320261478424072, 0.9367320537567139, 0.9422222375869751, 0.9539869427680969, 0.9576470851898193, 0.9532026052474976, 0.9406536221504211, 0.9610457420349121, 0.9670588374137878, 0.9605228900909424, 0.9508496522903442, 0.9683660268783569, 0.9599999785423279]}