{"loss": [2.708054780960083, 1.262394666671753, 0.7682570219039917, 0.5227594375610352, 0.3912663161754608, 0.2947095036506653, 0.23590794205665588, 0.18781408667564392, 0.1595689207315445, 0.12730064988136292, 0.11568916589021683, 0.09464248269796371, 0.08606661856174469, 0.07868495583534241, 0.06387688219547272, 0.062073949724435806, 0.0554339662194252, 0.053445909172296524, 0.03953559324145317, 0.04597904160618782, 0.039478451013565063, 0.04675590246915817, 0.04001488909125328, 0.037202589213848114, 0.035076119005680084, 0.03270769864320755, 0.03775094822049141, 0.03458026424050331, 0.027339503169059753, 0.026415331289172173, 0.031399328261613846, 0.026569053530693054, 0.024651143699884415, 0.023454967886209488, 0.0302367452532053, 0.027503982186317444, 0.020403100177645683, 0.014781046658754349, 0.0225522480905056, 0.026248794049024582, 0.023571422323584557, 0.019816070795059204, 0.0163829755038023, 0.017349952831864357, 0.01830345392227173, 0.01769981160759926, 0.017325682565569878, 0.02239273302257061, 0.016928980126976967, 0.017327066510915756, 0.01134226843714714, 0.01940559409558773, 0.019757481291890144, 0.010556662455201149, 0.01665421389043331, 0.020178381353616714, 0.014820266515016556, 0.012908332981169224, 0.015216834843158722, 0.012900516390800476], "accuracy": [0.31188005208969116, 0.650749683380127, 0.7852826118469238, 0.8524567484855652, 0.8897808790206909, 0.9152941107749939, 0.9334717392921448, 0.9465743899345398, 0.9535409212112427, 0.965167224407196, 0.9673817753791809, 0.974117636680603, 0.9747174382209778, 0.9776701331138611, 0.9822837114334106, 0.9819607734680176, 0.9838985204696655, 0.9843137264251709, 0.9895271062850952, 0.9873586893081665, 0.9886966347694397, 0.9861130118370056, 0.9880507588386536, 0.9887427687644958, 0.989757776260376, 0.9898500442504883, 0.9887427687644958, 0.9892503023147583, 0.9918339252471924, 0.9921568632125854, 0.9898961782455444, 0.9921568632125854, 0.9923875331878662, 0.9922029972076416, 0.9902653098106384, 0.9917877912521362, 0.9940945506095886, 0.9953402280807495, 0.9932180047035217, 0.9925720691680908, 0.9924336671829224, 0.9934486746788025, 0.9949250221252441, 0.9947404861450195, 0.9947404861450195, 0.9947404861450195, 0.9946482181549072, 0.9924798011779785, 0.9948327541351318, 0.9948327541351318, 0.9967705011367798, 0.9940022826194763, 0.9938177466392517, 0.9969089031219482, 0.9944175481796265, 0.9928489327430725, 0.9953402280807495, 0.9957554936408997, 0.9948327541351318, 0.995570957660675], "val_loss": [1.497304081916809, 0.8909439444541931, 0.5168115496635437, 0.43417230248451233, 0.3396071493625641, 0.27390769124031067, 0.28421834111213684, 0.22086217999458313, 0.288034051656723, 0.2515271306037903, 0.2384570688009262, 0.24413734674453735, 0.27157342433929443, 0.2116529494524002, 0.22851204872131348, 0.17756468057632446, 0.19118019938468933, 0.17653049528598785, 0.17791104316711426, 0.17966091632843018, 0.17413434386253357, 0.18449214100837708, 0.18191982805728912, 0.2064940631389618, 0.1910916119813919, 0.18996822834014893, 0.2068907916545868, 0.18731719255447388, 0.2305861860513687, 0.15744903683662415, 0.24721179902553558, 0.16901469230651855, 0.18066731095314026, 0.153873011469841, 0.24599842727184296, 0.1878146082162857, 0.14703746140003204, 0.18543849885463715, 0.15203475952148438, 0.156597301363945, 0.19905534386634827, 0.20197518169879913, 0.18955069780349731, 0.14911291003227234, 0.1485706865787506, 0.14070801436901093, 0.1720706969499588, 0.13982054591178894, 0.1284995824098587, 0.1251622587442398, 0.13246488571166992, 0.20915590226650238, 0.16170425713062286, 0.16568490862846375, 0.1481807380914688, 0.16470682621002197, 0.16960740089416504, 0.16964511573314667, 0.14634793996810913, 0.16822339594364166], "val_accuracy": [0.6146405339241028, 0.7759476900100708, 0.8700653314590454, 0.8852287530899048, 0.9116339683532715, 0.9257516264915466, 0.9213072061538696, 0.9377777576446533, 0.9171242117881775, 0.9288889169692993, 0.9333333373069763, 0.9270588159561157, 0.9247058629989624, 0.9432680010795593, 0.9367320537567139, 0.9474509954452515, 0.943790853023529, 0.9492810368537903, 0.9516339898109436, 0.9500653743743896, 0.9516339898109436, 0.9490196108818054, 0.9545097947120667, 0.9430065155029297, 0.945359468460083, 0.9516339898109436, 0.9471895694732666, 0.9450980424880981, 0.938039243221283, 0.95686274766922, 0.9328104853630066, 0.9537255167961121, 0.9521568417549133, 0.9615686535835266, 0.9364705681800842, 0.9484967589378357, 0.9618300795555115, 0.9511111378669739, 0.9623529314994812, 0.9581699371337891, 0.9461438059806824, 0.9495424628257751, 0.9500653743743896, 0.9594771265983582, 0.9623529314994812, 0.9607843160629272, 0.9516339898109436, 0.9628758430480957, 0.9681046009063721, 0.9683660268783569, 0.9673202633857727, 0.9495424628257751, 0.9607843160629272, 0.9589542746543884, 0.9594771265983582, 0.9589542746543884, 0.9558169841766357, 0.9584313631057739, 0.9644444584846497, 0.9610457420349121]}