{"loss": [3.6337478160858154, 2.392158269882202, 1.5682927370071411, 1.1414874792099, 0.8926849961280823, 0.7260746359825134, 0.6051711440086365, 0.5165984034538269, 0.4584296941757202, 0.3967636823654175, 0.35192859172821045, 0.31275299191474915, 0.2754531800746918, 0.25679922103881836, 0.23080918192863464, 0.2048843950033188, 0.1880468726158142, 0.17178574204444885, 0.16177375614643097, 0.1469760537147522, 0.135438933968544, 0.1273190677165985, 0.11943388730287552, 0.1081482395529747, 0.10213110595941544, 0.0999741405248642, 0.09220928698778152, 0.08575540035963058, 0.085984006524086, 0.07082843780517578, 0.07267056405544281, 0.06919429451227188, 0.0661795511841774, 0.06530442088842392, 0.06208837404847145, 0.05859195441007614, 0.054196689277887344, 0.05542562156915665, 0.05551385506987572, 0.053131166845560074, 0.05204174667596817, 0.046616330742836, 0.0478983074426651, 0.04762544855475426, 0.0436888113617897, 0.04368896037340164, 0.04108542948961258, 0.04204681143164635, 0.04343637824058533, 0.03677138686180115, 0.038692373782396317, 0.04113759845495224, 0.03554267808794975, 0.03523673862218857, 0.034671660512685776, 0.03774110972881317, 0.034113384783267975, 0.03431059792637825, 0.03168974444270134, 0.030852818861603737], "accuracy": [0.11035755276679993, 0.36715108156204224, 0.5722721815109253, 0.6802306771278381, 0.752756655216217, 0.7945559620857239, 0.8287889361381531, 0.8528719544410706, 0.8688812255859375, 0.8852595090866089, 0.8996078372001648, 0.9095271229743958, 0.9189388751983643, 0.9234140515327454, 0.9331026673316956, 0.9415916800498962, 0.9452364444732666, 0.9510496258735657, 0.9533563852310181, 0.9570011496543884, 0.9617993235588074, 0.9635524749755859, 0.9662744998931885, 0.9688581228256226, 0.9703806042671204, 0.9700115323066711, 0.9724106192588806, 0.9755017161369324, 0.9754094481468201, 0.9798385500907898, 0.9786851406097412, 0.9793771505355835, 0.9807150959968567, 0.9824221730232239, 0.9821914434432983, 0.9821914434432983, 0.9852364659309387, 0.9832064509391785, 0.9835293889045715, 0.9833448529243469, 0.9848212003707886, 0.9864360094070435, 0.9861130118370056, 0.9855132699012756, 0.9865744113922119, 0.9874048233032227, 0.987497091293335, 0.9875893592834473, 0.9867128133773804, 0.9895271062850952, 0.9886505007743835, 0.9874048233032227, 0.9896655082702637, 0.9886966347694397, 0.9899423122406006, 0.9892041683197021, 0.990080714225769, 0.9898039102554321, 0.9905882477760315, 0.9905421137809753], "val_loss": [2.7665789127349854, 1.4968535900115967, 0.9593102931976318, 0.7297298908233643, 0.556197464466095, 0.4549920856952667, 0.4227473735809326, 0.3629987835884094, 0.3434717655181885, 0.31556206941604614, 0.27642354369163513, 0.26502588391304016, 0.2485530823469162, 0.26851433515548706, 0.25221994519233704, 0.2155677080154419, 0.21466830372810364, 0.21971170604228973, 0.2063916027545929, 0.21134984493255615, 0.19064506888389587, 0.20135854184627533, 0.19606946408748627, 0.1774512678384781, 0.1867745816707611, 0.18330024182796478, 0.1843031793832779, 0.16874368488788605, 0.18523919582366943, 0.1837041974067688, 0.19492214918136597, 0.1684676557779312, 0.17149041593074799, 0.185553178191185, 0.1928277611732483, 0.16386903822422028, 0.1759224385023117, 0.1683308631181717, 0.19896195828914642, 0.19012190401554108, 0.18108408153057098, 0.2044198215007782, 0.21754570305347443, 0.1623048633337021, 0.1800985038280487, 0.16648384928703308, 0.17149342596530914, 0.15948323905467987, 0.16391344368457794, 0.18489712476730347, 0.18709485232830048, 0.1654321402311325, 0.18907280266284943, 0.18711063265800476, 0.17612768709659576, 0.16352510452270508, 0.16744737327098846, 0.16119804978370667, 0.1771523803472519, 0.17527808248996735], "val_accuracy": [0.3377777636051178, 0.6784313917160034, 0.7824836373329163, 0.8318954110145569, 0.8724182844161987, 0.8943790793418884, 0.8954248428344727, 0.9137254953384399, 0.9134640693664551, 0.9213072061538696, 0.9304575324058533, 0.9286274313926697, 0.9354248642921448, 0.9273202419281006, 0.9335947632789612, 0.9443137049674988, 0.9474509954452515, 0.939346432685852, 0.9427450895309448, 0.9461438059806824, 0.9498039484024048, 0.9484967589378357, 0.9456208944320679, 0.9547712206840515, 0.9484967589378357, 0.9508496522903442, 0.9500653743743896, 0.9576470851898193, 0.9529411792755127, 0.9539869427680969, 0.9477124214172363, 0.9579085111618042, 0.9566013216972351, 0.9518954157829285, 0.952418327331543, 0.9560784101486206, 0.9550327062606812, 0.9571241736412048, 0.9521568417549133, 0.9500653743743896, 0.9539869427680969, 0.9516339898109436, 0.94248366355896, 0.9571241736412048, 0.955294132232666, 0.9584313631057739, 0.95686274766922, 0.9599999785423279, 0.9584313631057739, 0.9545097947120667, 0.9511111378669739, 0.9589542746543884, 0.9529411792755127, 0.9537255167961121, 0.9539869427680969, 0.9631372690200806, 0.961307168006897, 0.961307168006897, 0.9579085111618042, 0.9584313631057739]}