{"loss": [3.3797764778137207, 2.1046531200408936, 1.4994423389434814, 1.1177163124084473, 0.881426990032196, 0.7169217467308044, 0.6083189845085144, 0.5192379355430603, 0.4414498507976532, 0.37697282433509827, 0.34036877751350403, 0.30394741892814636, 0.27073952555656433, 0.23767796158790588, 0.21606536209583282, 0.19226771593093872, 0.1825459897518158, 0.1694888472557068, 0.14911161363124847, 0.13934192061424255, 0.13322420418262482, 0.12331541627645493, 0.1129220649600029, 0.10327881574630737, 0.10453782975673676, 0.0969623476266861, 0.09060785919427872, 0.09163037687540054, 0.0808451920747757, 0.07763440161943436, 0.08159630745649338, 0.07328774780035019, 0.06794808059930801, 0.07348157465457916, 0.07222970575094223, 0.06185991317033768, 0.05737129971385002, 0.0624009370803833, 0.0526912584900856, 0.05642000213265419, 0.04972448572516441, 0.05951276794075966, 0.05354893580079079, 0.04877167567610741, 0.04823654890060425, 0.049329910427331924, 0.04595087841153145, 0.04658031091094017, 0.042482782155275345, 0.04438219591975212, 0.03576992079615593, 0.040609072893857956, 0.04508304223418236, 0.041094034910202026, 0.0413215309381485, 0.03554435074329376, 0.033442020416259766, 0.03471723943948746, 0.03624827787280083, 0.036820415407419205], "accuracy": [0.16595155000686646, 0.43681660294532776, 0.5839446187019348, 0.6893656253814697, 0.7504037022590637, 0.7963091135025024, 0.8267127871513367, 0.8506113290786743, 0.874740481376648, 0.8909803628921509, 0.9006689786911011, 0.9127104878425598, 0.9199077486991882, 0.9290426969528198, 0.9365628361701965, 0.9452364444732666, 0.946943461894989, 0.9486505389213562, 0.9561706781387329, 0.9586158990859985, 0.9607381820678711, 0.9644290804862976, 0.9652594923973083, 0.9700115323066711, 0.9689042568206787, 0.9713033437728882, 0.9731948971748352, 0.9736562967300415, 0.9768396615982056, 0.9768396615982056, 0.9751787781715393, 0.9777162671089172, 0.9785928726196289, 0.9759169816970825, 0.9777162671089172, 0.9804382920265198, 0.9823760390281677, 0.9799308180809021, 0.9837139844894409, 0.98246830701828, 0.9838523864746094, 0.9810842275619507, 0.9832987189292908, 0.9849134683609009, 0.9844059944152832, 0.9845443964004517, 0.9856516718864441, 0.9855132699012756, 0.9870357513427734, 0.9865282773971558, 0.9896655082702637, 0.9872664213180542, 0.9854671359062195, 0.9864360094070435, 0.9867128133773804, 0.9893425703048706, 0.9896193742752075, 0.9888811707496643, 0.988788902759552, 0.9885120987892151], "val_loss": [2.2131707668304443, 1.2294447422027588, 0.841067910194397, 0.6279298663139343, 0.4496223032474518, 0.42577609419822693, 0.32624030113220215, 0.271232008934021, 0.24609041213989258, 0.2267005890607834, 0.24662555754184723, 0.20070981979370117, 0.19261199235916138, 0.19925911724567413, 0.16673290729522705, 0.16445761919021606, 0.1631559431552887, 0.1492866724729538, 0.17091765999794006, 0.1331786811351776, 0.19154506921768188, 0.1407526135444641, 0.13055375218391418, 0.12469399720430374, 0.13670653104782104, 0.1608661264181137, 0.14042125642299652, 0.14595766365528107, 0.1298535317182541, 0.14213968813419342, 0.1232452467083931, 0.13688702881336212, 0.10908407717943192, 0.12786799669265747, 0.11957505345344543, 0.12883953750133514, 0.1409643143415451, 0.12200366705656052, 0.11996777355670929, 0.10849146544933319, 0.12435975670814514, 0.1206301748752594, 0.12751463055610657, 0.12970282137393951, 0.14828427135944366, 0.20079733431339264, 0.1370740681886673, 0.12604178488254547, 0.13049013912677765, 0.13414911925792694, 0.11472941190004349, 0.13859832286834717, 0.13459739089012146, 0.11910106986761093, 0.13659772276878357, 0.10689608007669449, 0.13236485421657562, 0.11453046649694443, 0.1248442605137825, 0.11463616043329239], "val_accuracy": [0.48862746357917786, 0.7267974019050598, 0.8107189536094666, 0.8530718684196472, 0.897777795791626, 0.8946405053138733, 0.9226143956184387, 0.9307189583778381, 0.9364705681800842, 0.940915048122406, 0.9335947632789612, 0.9490196108818054, 0.9503268003463745, 0.9445751905441284, 0.9550327062606812, 0.9508496522903442, 0.9537255167961121, 0.9566013216972351, 0.9545097947120667, 0.9605228900909424, 0.9427450895309448, 0.959738552570343, 0.9599999785423279, 0.9623529314994812, 0.9639215469360352, 0.9576470851898193, 0.9581699371337891, 0.9581699371337891, 0.9623529314994812, 0.9605228900909424, 0.9670588374137878, 0.9641830325126648, 0.9678431153297424, 0.9641830325126648, 0.9675816893577576, 0.9644444584846497, 0.9615686535835266, 0.9670588374137878, 0.969673216342926, 0.9673202633857727, 0.9675816893577576, 0.9681046009063721, 0.9681046009063721, 0.9639215469360352, 0.9566013216972351, 0.9503268003463745, 0.9633986949920654, 0.9683660268783569, 0.966797411441803, 0.9647058844566345, 0.9704574942588806, 0.9647058844566345, 0.9652287364006042, 0.9662744998931885, 0.9626143574714661, 0.9704574942588806, 0.9649673104286194, 0.9704574942588806, 0.9701960682868958, 0.9691503047943115]}