{"loss": [0.2815612852573395, 0.0683208703994751, 0.04571788012981415, 0.034225959330797195, 0.02640153095126152, 0.019688673317432404, 0.01715509220957756, 0.0183549914509058, 0.014815928414463997, 0.012665444053709507, 0.011071037501096725, 0.010576985776424408, 0.009252119809389114, 0.006561593152582645, 0.010627247393131256, 0.006850203033536673, 0.0055442089214921, 0.010066600516438484, 0.006085604894906282, 0.004849632270634174], "accuracy": [0.9143713712692261, 0.980207622051239, 0.9864821434020996, 0.9896193742752075, 0.992018461227417, 0.9938638806343079, 0.9947404861450195, 0.994878888130188, 0.995570957660675, 0.9960322976112366, 0.9965397715568542, 0.9964936375617981, 0.9969089031219482, 0.997739315032959, 0.9965397715568542, 0.997739315032959, 0.9982929825782776, 0.9970011711120605, 0.9979699850082397, 0.9983852505683899], "val_loss": [0.0500221811234951, 0.028320519253611565, 0.019328691065311432, 0.03757007047533989, 0.017866598442196846, 0.015076818875968456, 0.01292966865003109, 0.012463493272662163, 0.013006838038563728, 0.02328954078257084, 0.013296057470142841, 0.018366128206253052, 0.00901721604168415, 0.0137937031686306, 0.007638424169272184, 0.01065492257475853, 0.011206869035959244, 0.00886392593383789, 0.007180239539593458, 0.01598041132092476], "val_accuracy": [0.9837908744812012, 0.9913725256919861, 0.9926797151565552, 0.988496720790863, 0.9945098161697388, 0.9947712421417236, 0.9958170056343079, 0.9952940940856934, 0.9958170056343079, 0.9913725256919861, 0.9958170056343079, 0.9952940940856934, 0.9973856210708618, 0.9963398575782776, 0.9963398575782776, 0.9973856210708618, 0.9973856210708618, 0.997124195098877, 0.997124195098877, 0.9947712421417236]}