{"loss": [3.468406915664673, 2.2587883472442627, 1.5728734731674194, 1.1451013088226318, 0.8626357913017273, 0.6838822364807129, 0.5563452243804932, 0.46152567863464355, 0.38544487953186035, 0.34077513217926025, 0.29912054538726807, 0.25236523151397705, 0.22870497405529022, 0.2108665555715561, 0.17816820740699768, 0.17224588990211487, 0.14992211759090424, 0.14547684788703918, 0.14116087555885315, 0.11225829273462296, 0.11244893074035645, 0.11373431235551834, 0.10532538592815399, 0.09466921538114548, 0.0871928483247757, 0.08214035630226135, 0.08145293593406677, 0.0822998657822609, 0.0732705295085907, 0.06931460648775101, 0.07006966322660446, 0.07340480387210846, 0.06082864850759506, 0.04987659677863121, 0.06419721245765686, 0.06316575407981873, 0.05047333613038063, 0.05418660491704941, 0.05076133459806442, 0.06216641888022423, 0.04903068020939827, 0.051261622458696365, 0.04638329893350601, 0.04417718946933746, 0.04658425599336624, 0.0493503101170063, 0.04030733183026314, 0.037181075662374496, 0.040844619274139404, 0.046273428946733475, 0.04322928562760353, 0.04200289770960808, 0.04088183119893074, 0.03701700642704964, 0.03462564945220947, 0.03867299482226372, 0.03793160617351532, 0.03437644988298416, 0.033078040927648544, 0.03891701623797417], "accuracy": [0.15617071092128754, 0.4252825975418091, 0.592941164970398, 0.7022837400436401, 0.7719030976295471, 0.818823516368866, 0.8498731255531311, 0.875063419342041, 0.8946712613105774, 0.904498279094696, 0.9158939123153687, 0.928119957447052, 0.9335178732872009, 0.9388235211372375, 0.948235273361206, 0.9476816654205322, 0.9565859436988831, 0.9575086236000061, 0.9576009511947632, 0.9675201773643494, 0.9668281674385071, 0.9654902219772339, 0.9687658548355103, 0.9718108177185059, 0.9747174382209778, 0.9745790362358093, 0.9759169816970825, 0.9745790362358093, 0.9800230860710144, 0.9785928726196289, 0.9791003465652466, 0.9763321876525879, 0.9812687635421753, 0.9850980639457703, 0.9790080785751343, 0.9808996319770813, 0.9850980639457703, 0.9826989769935608, 0.98366779088974, 0.9808996319770813, 0.9845443964004517, 0.9837601184844971, 0.9867589473724365, 0.9864360094070435, 0.9856055378913879, 0.9843137264251709, 0.9871280193328857, 0.9883736968040466, 0.9864360094070435, 0.9846827983856201, 0.9868512153625488, 0.9869434833526611, 0.9868512153625488, 0.9886043667793274, 0.9892041683197021, 0.9875432252883911, 0.987497091293335, 0.9894348382949829, 0.9902191758155823, 0.9875893592834473], "val_loss": [2.5535295009613037, 1.6165131330490112, 1.2220994234085083, 0.9883005023002625, 0.6291417479515076, 0.5463929772377014, 0.48505696654319763, 0.3769509792327881, 0.34836289286613464, 0.3683866560459137, 0.334233820438385, 0.3283228874206543, 0.2708991765975952, 0.24914027750492096, 0.23971353471279144, 0.2988128066062927, 0.235971137881279, 0.32172149419784546, 0.24604825675487518, 0.22326640784740448, 0.26179978251457214, 0.24694645404815674, 0.22005292773246765, 0.1937532126903534, 0.23977519571781158, 0.19446919858455658, 0.22426825761795044, 0.20896540582180023, 0.2718580365180969, 0.24270473420619965, 0.22946274280548096, 0.2651975452899933, 0.1769620180130005, 0.1722533404827118, 0.28610262274742126, 0.17346106469631195, 0.16700837016105652, 0.1926213651895523, 0.21480688452720642, 0.1934584081172943, 0.40923023223876953, 0.22555312514305115, 0.18401077389717102, 0.1631637066602707, 0.25236445665359497, 0.19087137281894684, 0.17845283448696136, 0.1594366729259491, 0.3389998972415924, 0.20960791409015656, 0.16759099066257477, 0.18658363819122314, 0.16548949480056763, 0.19056032598018646, 0.19300222396850586, 0.17322073876857758, 0.1995232105255127, 0.21642230451107025, 0.1691826581954956, 0.17022182047367096], "val_accuracy": [0.4167320132255554, 0.615686297416687, 0.736732006072998, 0.7456209063529968, 0.8473202586174011, 0.8562091588973999, 0.8713725209236145, 0.900653600692749, 0.9064052104949951, 0.8967320322990417, 0.9053595066070557, 0.9009150266647339, 0.9257516264915466, 0.9304575324058533, 0.9372549057006836, 0.9116339683532715, 0.9317647218704224, 0.9079738855361938, 0.9328104853630066, 0.9369934797286987, 0.9270588159561157, 0.929411768913269, 0.9377777576446533, 0.9427450895309448, 0.9335947632789612, 0.9443137049674988, 0.9375163316726685, 0.9411764740943909, 0.9281045794487, 0.9356862902641296, 0.9367320537567139, 0.9283660054206848, 0.9537255167961121, 0.9558169841766357, 0.9233986735343933, 0.9555555582046509, 0.95686274766922, 0.9443137049674988, 0.9422222375869751, 0.9505882263183594, 0.8964706063270569, 0.943790853023529, 0.9558169841766357, 0.9615686535835266, 0.932548999786377, 0.9500653743743896, 0.9547712206840515, 0.9579085111618042, 0.9181699156761169, 0.9456208944320679, 0.9602614641189575, 0.9545097947120667, 0.9599999785423279, 0.9545097947120667, 0.9526797533035278, 0.9563398957252502, 0.9547712206840515, 0.9432680010795593, 0.9589542746543884, 0.9576470851898193]}