{"loss": [3.687448501586914, 2.6613855361938477, 2.0173866748809814, 1.6103885173797607, 1.3348103761672974, 1.1211127042770386, 0.9575657844543457, 0.8442873954772949, 0.745578944683075, 0.6669994592666626, 0.5964393019676208, 0.5340288281440735, 0.4792940020561218, 0.4538441598415375, 0.4100136160850525, 0.38141563534736633, 0.35388433933258057, 0.3193645179271698, 0.29917654395103455, 0.2810433804988861, 0.26507502794265747, 0.25098103284835815, 0.22813910245895386, 0.2190655618906021, 0.20112262666225433, 0.19225172698497772, 0.18260981142520905, 0.17800524830818176, 0.16526244580745697, 0.15963499248027802, 0.14691857993602753, 0.14688444137573242, 0.13835784792900085, 0.12709327042102814, 0.12691402435302734, 0.12171908468008041, 0.114522285759449, 0.11251422762870789, 0.10084360837936401, 0.10509849339723587, 0.10190495103597641, 0.09570015966892242, 0.09642079472541809, 0.08503309637308121, 0.08522298187017441, 0.08251006156206131, 0.07786757498979568, 0.08234414458274841, 0.07615356892347336, 0.07824943214654922, 0.07007007300853729, 0.07161001116037369, 0.07055044919252396, 0.06775962561368942, 0.0658077746629715, 0.05869545415043831, 0.05773993209004402, 0.06350027769804001, 0.058286476880311966, 0.05799463391304016], "accuracy": [0.1094348356127739, 0.3014994263648987, 0.44622838497161865, 0.5512341260910034, 0.6254671216011047, 0.6856285929679871, 0.7283967733383179, 0.7627681493759155, 0.7855594158172607, 0.8097347021102905, 0.8286044001579285, 0.846689760684967, 0.8626528382301331, 0.8676355481147766, 0.8803690671920776, 0.890426754951477, 0.898685097694397, 0.9081891775131226, 0.9107266664505005, 0.9166320562362671, 0.9215686321258545, 0.9246597290039062, 0.9320876598358154, 0.9337946772575378, 0.9408074021339417, 0.9423760175704956, 0.9462053179740906, 0.9448673725128174, 0.950173020362854, 0.9506343603134155, 0.9564936757087708, 0.9540945887565613, 0.9579700231552124, 0.9622606635093689, 0.9609688520431519, 0.964844286441803, 0.9642906785011292, 0.9662744998931885, 0.9696424603462219, 0.9682122468948364, 0.9673356413841248, 0.971534013748169, 0.9696885943412781, 0.9739792346954346, 0.9736562967300415, 0.9745790362358093, 0.9764244556427002, 0.9752249121665955, 0.9771626591682434, 0.9761937856674194, 0.9784544110298157, 0.9772549271583557, 0.9780853390693665, 0.978915810585022, 0.9788235425949097, 0.9822837114334106, 0.9825605750083923, 0.9801153540611267, 0.9822837114334106, 0.981776237487793], "val_loss": [2.945580005645752, 2.0406954288482666, 1.5004041194915771, 1.1642078161239624, 0.928473174571991, 0.8206908702850342, 0.7046012878417969, 0.5666205883026123, 0.5272996425628662, 0.4629862904548645, 0.4381919205188751, 0.3810747563838959, 0.3499401807785034, 0.3297964632511139, 0.3026004731655121, 0.30301740765571594, 0.2696169316768646, 0.26686891913414, 0.24400289356708527, 0.23161177337169647, 0.2225380390882492, 0.21699830889701843, 0.2109586000442505, 0.21808139979839325, 0.20008909702301025, 0.24639105796813965, 0.1854541301727295, 0.20734141767024994, 0.19336193799972534, 0.1796288937330246, 0.17971469461917877, 0.17533978819847107, 0.1743299663066864, 0.16591012477874756, 0.17975038290023804, 0.17742668092250824, 0.16764381527900696, 0.17105171084403992, 0.1711406409740448, 0.20328134298324585, 0.18219715356826782, 0.19211050868034363, 0.1697062849998474, 0.1735360324382782, 0.20055481791496277, 0.15754397213459015, 0.16006632149219513, 0.17346663773059845, 0.16048680245876312, 0.16642500460147858, 0.17747028172016144, 0.16403865814208984, 0.1673772633075714, 0.1521247923374176, 0.16603606939315796, 0.16655254364013672, 0.17155058681964874, 0.15026433765888214, 0.1800803542137146, 0.1692335456609726], "val_accuracy": [0.2648366093635559, 0.49673202633857727, 0.6339869499206543, 0.7288888692855835, 0.7858823537826538, 0.8117647171020508, 0.833202600479126, 0.8682352900505066, 0.8745098114013672, 0.890718936920166, 0.8904575109481812, 0.902222216129303, 0.9095425009727478, 0.9152941107749939, 0.9205228686332703, 0.9215686321258545, 0.9299346208572388, 0.9257516264915466, 0.9307189583778381, 0.939346432685852, 0.9385620951652527, 0.938039243221283, 0.9419608116149902, 0.9416993260383606, 0.9440522789955139, 0.9286274313926697, 0.9445751905441284, 0.939346432685852, 0.945359468460083, 0.948235273361206, 0.9461438059806824, 0.9474509954452515, 0.9479738473892212, 0.952418327331543, 0.9479738473892212, 0.9521568417549133, 0.9558169841766357, 0.948235273361206, 0.9498039484024048, 0.9388235211372375, 0.9492810368537903, 0.9464052319526672, 0.952418327331543, 0.948235273361206, 0.9432680010795593, 0.9558169841766357, 0.952418327331543, 0.9508496522903442, 0.9547712206840515, 0.9534640312194824, 0.9505882263183594, 0.9537255167961121, 0.9505882263183594, 0.955294132232666, 0.9532026052474976, 0.9542483687400818, 0.9534640312194824, 0.9589542746543884, 0.9498039484024048, 0.9526797533035278]}