{"loss": [3.347285270690918, 1.4945597648620605, 0.883912205696106, 0.6017250418663025, 0.44479119777679443, 0.34942400455474854, 0.28258052468299866, 0.23645198345184326, 0.2047359198331833, 0.17429731786251068, 0.16313126683235168, 0.13680697977542877, 0.12807214260101318, 0.12028923630714417, 0.11250312626361847, 0.09065957367420197, 0.09605967253446579, 0.0859035924077034, 0.06846130639314651, 0.07945866882801056, 0.06838464736938477, 0.06063280254602432, 0.060526277869939804, 0.06774436682462692, 0.05520663037896156, 0.05106053873896599, 0.04839558154344559, 0.05644127354025841, 0.05074169859290123, 0.03766166791319847, 0.04110002517700195, 0.05808640271425247, 0.0409359410405159, 0.04426955059170723, 0.03583114221692085, 0.051648225635290146, 0.03162015601992607, 0.03369573876261711, 0.04578916355967522, 0.04507824406027794, 0.02941231057047844, 0.03332003206014633, 0.04329312965273857, 0.02714916504919529, 0.02658195234835148, 0.04370279982686043, 0.030563892796635628, 0.04350500553846359, 0.03206822648644447, 0.034626323729753494, 0.02233414351940155, 0.025778308510780334, 0.030241388827562332, 0.025186877697706223, 0.038132134824991226, 0.02613561414182186, 0.024099381640553474, 0.025696707889437675, 0.026437383145093918, 0.03397759050130844], "accuracy": [0.24335207045078278, 0.5953779220581055, 0.7526633739471436, 0.8300058841705322, 0.8741297125816345, 0.8989598155021667, 0.9172468781471252, 0.9295361042022705, 0.9402734637260437, 0.9483684301376343, 0.951598048210144, 0.9594413042068481, 0.9618740081787109, 0.9628387093544006, 0.967200756072998, 0.9731146693229675, 0.9708077907562256, 0.9735760688781738, 0.9795738458633423, 0.9751279354095459, 0.9784414172172546, 0.9816709756851196, 0.9821743369102478, 0.9787350296974182, 0.9818387627601624, 0.9843553304672241, 0.9851522445678711, 0.9822162389755249, 0.9846069812774658, 0.9885076880455017, 0.9872913360595703, 0.9813774228096008, 0.9877526760101318, 0.9865782856941223, 0.9888013005256653, 0.9838939905166626, 0.9903112053871155, 0.9900595545768738, 0.9851102828979492, 0.9854038953781128, 0.9907726049423218, 0.9895562529563904, 0.9863266348838806, 0.9917372465133667, 0.9917372465133667, 0.9862427711486816, 0.9901853799819946, 0.9864105582237244, 0.9897240400314331, 0.9891787767410278, 0.993708610534668, 0.992198646068573, 0.9900175929069519, 0.9918211698532104, 0.9877107739448547, 0.9917792081832886, 0.992282509803772, 0.9916953444480896, 0.9917792081832886, 0.9890948534011841], "val_loss": [1.3981781005859375, 0.5269986987113953, 0.28459838032722473, 0.19839324057102203, 0.13773998618125916, 0.11390224099159241, 0.11412680894136429, 0.10046996921300888, 0.0816241204738617, 0.06802655011415482, 0.07351449877023697, 0.06993356347084045, 0.0703793615102768, 0.08649617433547974, 0.05847908928990364, 0.05215809866786003, 0.05739455670118332, 0.058604851365089417, 0.06572368741035461, 0.0723845586180687, 0.05632532760500908, 0.058630239218473434, 0.05577639862895012, 0.05197126418352127, 0.056092727929353714, 0.06607218831777573, 0.06200876832008362, 0.05321032553911209, 0.05983160063624382, 0.07373806834220886, 0.10636676102876663, 0.052328746765851974, 0.053602397441864014, 0.056064311414957047, 0.06222422420978546, 0.050932321697473526, 0.06383077800273895, 0.06023917347192764, 0.06056001037359238, 0.05709388107061386, 0.05871478095650673, 0.055304646492004395, 0.058953557163476944, 0.057882003486156464, 0.06187744438648224, 0.06104832515120506, 0.060144707560539246, 0.05338737741112709, 0.06140730530023575, 0.05222402140498161, 0.0609109029173851, 0.059769317507743835, 0.06104521453380585, 0.07962235063314438, 0.06241583079099655, 0.05330756679177284, 0.07184659689664841, 0.06633872538805008, 0.07326690107584, 0.06738761067390442], "val_accuracy": [0.7250475287437439, 0.8985266089439392, 0.9363117814064026, 0.9555608630180359, 0.9672053456306458, 0.9717205166816711, 0.9705322980880737, 0.9738593101501465, 0.9778992533683777, 0.9840779304504395, 0.9795627593994141, 0.9819391369819641, 0.9819391369819641, 0.9750475287437439, 0.9847908616065979, 0.9855037927627563, 0.98384028673172, 0.9845532178878784, 0.982889711856842, 0.980038046836853, 0.9850285053253174, 0.9817014932632446, 0.9840779304504395, 0.9871672987937927, 0.9836026430130005, 0.980513334274292, 0.9814638495445251, 0.9852661490440369, 0.9845532178878784, 0.9814638495445251, 0.9707699418067932, 0.9850285053253174, 0.9855037927627563, 0.9859790802001953, 0.9821767807006836, 0.9864543676376343, 0.9826520681381226, 0.9845532178878784, 0.982889711856842, 0.9859790802001953, 0.9836026430130005, 0.9852661490440369, 0.9831273555755615, 0.982889711856842, 0.9826520681381226, 0.9843155741691589, 0.9831273555755615, 0.9869296550750732, 0.9819391369819641, 0.9862167239189148, 0.983364999294281, 0.982889711856842, 0.9843155741691589, 0.9795627593994141, 0.9826520681381226, 0.9852661490440369, 0.9814638495445251, 0.9812262654304504, 0.9774239659309387, 0.9824144244194031]}