{"loss": [3.3801279067993164, 1.5246949195861816, 0.8793066740036011, 0.5983880162239075, 0.44667425751686096, 0.34729859232902527, 0.27859190106391907, 0.23899714648723602, 0.20070302486419678, 0.1853109747171402, 0.15632840991020203, 0.12768761813640594, 0.13558831810951233, 0.10737449675798416, 0.10871453583240509, 0.0996769368648529, 0.08159716427326202, 0.08533925563097, 0.08168505132198334, 0.06940772384405136, 0.07922754436731339, 0.05723688751459122, 0.06797169148921967, 0.05436212569475174, 0.04953138530254364, 0.0727274939417839, 0.05943278968334198, 0.04532622918486595, 0.050851475447416306, 0.04546795412898064, 0.05401159077882767, 0.05762229859828949, 0.03858986124396324, 0.04680468142032623, 0.0359954759478569, 0.036035872995853424, 0.03757711872458458, 0.0462314710021019, 0.03223137930035591, 0.03358452022075653, 0.032708633691072464, 0.03446095809340477, 0.05122039094567299, 0.028352828696370125, 0.03809454292058945, 0.029040927067399025, 0.04133812338113785, 0.04187306761741638, 0.02506675198674202, 0.025550657883286476, 0.024966614320874214, 0.026532048359513283, 0.027533166110515594, 0.03623325005173683, 0.023022206500172615, 0.031213348731398582, 0.02656322345137596, 0.0292296651750803, 0.025648154318332672, 0.024036042392253876], "accuracy": [0.23559264838695526, 0.5866118669509888, 0.7521600723266602, 0.8338646292686462, 0.872242271900177, 0.9016022086143494, 0.9175404906272888, 0.9293683171272278, 0.9402315020561218, 0.9457260370254517, 0.9522271752357483, 0.9624192714691162, 0.9600704908370972, 0.9677040576934814, 0.9673265814781189, 0.9693817496299744, 0.9753795862197876, 0.9741632342338562, 0.975085973739624, 0.9783994555473328, 0.9767636656761169, 0.982887327671051, 0.9786092042922974, 0.9839778542518616, 0.9852361083030701, 0.9766378402709961, 0.9818387627601624, 0.9861169457435608, 0.9843553304672241, 0.9864944219589233, 0.9835584163665771, 0.9818807244300842, 0.988339900970459, 0.9858652949333191, 0.9885495901107788, 0.988423764705658, 0.9887593388557434, 0.9857813715934753, 0.9895982146263123, 0.9900175929069519, 0.9895982146263123, 0.9891787767410278, 0.9838100671768188, 0.9912759065628052, 0.9884657263755798, 0.9911081194877625, 0.9865363836288452, 0.9867041110992432, 0.9919469952583313, 0.992282509803772, 0.9918211698532104, 0.9916953444480896, 0.9912759065628052, 0.987626850605011, 0.9924502968788147, 0.9898079037666321, 0.9911081194877625, 0.9904789924621582, 0.9913597702980042, 0.9925341606140137], "val_loss": [1.4507611989974976, 0.5507421493530273, 0.29268115758895874, 0.18100965023040771, 0.14556629955768585, 0.11978375911712646, 0.08842465281486511, 0.07915251702070236, 0.08510667085647583, 0.07187312096357346, 0.06624266505241394, 0.06557658314704895, 0.060057383030653, 0.0667617917060852, 0.05042246729135513, 0.0655614361166954, 0.05944408103823662, 0.057183608412742615, 0.05429459363222122, 0.05999181792140007, 0.04543747380375862, 0.06921347230672836, 0.05585701763629913, 0.05388830974698067, 0.05873439460992813, 0.04964391514658928, 0.050290219485759735, 0.054071325808763504, 0.05723445862531662, 0.06241892650723457, 0.05703146010637283, 0.05113627389073372, 0.0486864410340786, 0.04439236596226692, 0.05188330262899399, 0.05419722571969032, 0.057824332267045975, 0.04667217656970024, 0.05216614529490471, 0.05339755117893219, 0.05932200327515602, 0.047305312007665634, 0.05813949555158615, 0.05991902947425842, 0.046763431280851364, 0.06127691641449928, 0.04839428514242172, 0.05170303210616112, 0.04593896120786667, 0.046837255358695984, 0.051686808466911316, 0.07639962434768677, 0.06072825938463211, 0.05248740687966347, 0.059871189296245575, 0.05116508901119232, 0.06781791895627975, 0.045466892421245575, 0.04850808158516884, 0.054745838046073914], "val_accuracy": [0.706986665725708, 0.8987642526626587, 0.9367870688438416, 0.9572243094444275, 0.9698193669319153, 0.9698193669319153, 0.9807509779930115, 0.9798004031181335, 0.9783745408058167, 0.9817014932632446, 0.9817014932632446, 0.9812262654304504, 0.983364999294281, 0.980988621711731, 0.9871672987937927, 0.9814638495445251, 0.9831273555755615, 0.9821767807006836, 0.9824144244194031, 0.9814638495445251, 0.9862167239189148, 0.9786121845245361, 0.983364999294281, 0.9843155741691589, 0.98384028673172, 0.9852661490440369, 0.9866920113563538, 0.9864543676376343, 0.9836026430130005, 0.9821767807006836, 0.983364999294281, 0.9864543676376343, 0.9864543676376343, 0.9874049425125122, 0.98384028673172, 0.98384028673172, 0.9840779304504395, 0.9871672987937927, 0.9840779304504395, 0.983364999294281, 0.9843155741691589, 0.98384028673172, 0.9814638495445251, 0.983364999294281, 0.9845532178878784, 0.980513334274292, 0.9866920113563538, 0.98384028673172, 0.9881178736686707, 0.9876425862312317, 0.9840779304504395, 0.9788498282432556, 0.98384028673172, 0.9831273555755615, 0.9831273555755615, 0.9881178736686707, 0.9807509779930115, 0.9869296550750732, 0.9876425862312317, 0.9852661490440369]}