{"loss": [3.2572319507598877, 1.8530573844909668, 1.2208296060562134, 0.8915098905563354, 0.6882138252258301, 0.5556390285491943, 0.4659533202648163, 0.3912757635116577, 0.32969725131988525, 0.28674548864364624, 0.25357961654663086, 0.22541801631450653, 0.20499317348003387, 0.17769081890583038, 0.15815940499305725, 0.1479451060295105, 0.1329055279493332, 0.12471633404493332, 0.11653906106948853, 0.10656563937664032], "accuracy": [0.19238753616809845, 0.49490195512771606, 0.658454418182373, 0.7485120892524719, 0.8030911087989807, 0.8400461077690125, 0.8660668730735779, 0.8873817920684814, 0.9049134850502014, 0.9170933961868286, 0.9241061210632324, 0.9338869452476501, 0.9369781017303467, 0.9480046033859253, 0.9521107077598572, 0.9558016061782837, 0.9611995220184326, 0.9628604650497437, 0.9650749564170837, 0.9675663113594055], "val_loss": [1.8151811361312866, 0.9654582738876343, 0.5690578818321228, 0.41250160336494446, 0.32880374789237976, 0.32998234033584595, 0.285431832075119, 0.19886527955532074, 0.18839681148529053, 0.1525930017232895, 0.16233670711517334, 0.2118590921163559, 0.11587993800640106, 0.12771643698215485, 0.11350129544734955, 0.13066525757312775, 0.15442286431789398, 0.10253245383501053, 0.10374059528112411, 0.09764822572469711], "val_accuracy": [0.5937255024909973, 0.7759476900100708, 0.8758170008659363, 0.9118954539299011, 0.916601300239563, 0.9171242117881775, 0.9278431534767151, 0.9500653743743896, 0.9508496522903442, 0.9602614641189575, 0.9571241736412048, 0.9427450895309448, 0.9678431153297424, 0.9649673104286194, 0.9691503047943115, 0.9615686535835266, 0.955294132232666, 0.9725490212440491, 0.9704574942588806, 0.9728104472160339]}