{"loss": [0.38694822788238525, 0.10017144680023193, 0.06678029149770737, 0.05094755440950394, 0.04095723479986191, 0.029433662071824074, 0.027049006894230843, 0.023851584643125534, 0.017589539289474487, 0.018641946837306023, 0.014690548181533813, 0.015808062627911568, 0.013991576619446278, 0.013174222782254219, 0.010382980108261108, 0.008507928811013699, 0.009154044091701508, 0.009153665974736214, 0.006300700828433037, 0.009862364269793034], "accuracy": [0.8796770572662354, 0.9703806042671204, 0.9812226295471191, 0.9854210019111633, 0.9878200888633728, 0.9908650517463684, 0.9913263916969299, 0.9929412007331848, 0.9946943521499634, 0.9944175481796265, 0.9956632256507874, 0.9945559501647949, 0.996170699596405, 0.9961245656013489, 0.9967705011367798, 0.9976470470428467, 0.9972318410873413, 0.9971857070922852, 0.9977854490280151, 0.9969550371170044], "val_loss": [0.06549197435379028, 0.038083918392658234, 0.031285110861063004, 0.030295763164758682, 0.022977784276008606, 0.018992217257618904, 0.021092627197504044, 0.015335706062614918, 0.017551641911268234, 0.015035266987979412, 0.01442201528698206, 0.014775935560464859, 0.024767324328422546, 0.015993690118193626, 0.027947580441832542, 0.012574465945363045, 0.014000405557453632, 0.010977987200021744, 0.016774047166109085, 0.01978093571960926], "val_accuracy": [0.9803921580314636, 0.9890196323394775, 0.9903268218040466, 0.9898039102554321, 0.9911110997200012, 0.9934640526771545, 0.9921568632125854, 0.9947712421417236, 0.9947712421417236, 0.9950326681137085, 0.9958170056343079, 0.9952940940856934, 0.9926797151565552, 0.995555579662323, 0.9918954372406006, 0.9958170056343079, 0.9958170056343079, 0.9966012835502625, 0.9952940940856934, 0.9934640526771545]}