{"loss": [3.5719099044799805, 1.76259446144104, 1.0452724695205688, 0.7038518786430359, 0.5350008606910706, 0.4231196939945221, 0.32539102435112, 0.28604650497436523, 0.2369331270456314, 0.2073412537574768, 0.18572905659675598, 0.17072631418704987, 0.15460053086280823, 0.14552760124206543, 0.11751188337802887, 0.11129282414913177, 0.12498496472835541, 0.09580937027931213, 0.11318673938512802, 0.10811005532741547, 0.07443676888942719, 0.08523228764533997, 0.087657131254673, 0.07844679057598114, 0.06479140371084213, 0.06154673546552658, 0.057456258684396744, 0.095680370926857, 0.07086937129497528, 0.05651245638728142, 0.04777408391237259, 0.046742964535951614, 0.06556788831949234, 0.06599472463130951, 0.041085135191679, 0.05325857549905777, 0.05372580140829086, 0.05353936180472374, 0.054926156997680664, 0.04535641521215439, 0.03563464432954788, 0.03372332453727722, 0.04897439479827881, 0.056930068880319595, 0.05447738245129585, 0.048897575587034225, 0.05750914663076401, 0.0320824459195137, 0.060147643089294434, 0.04232288524508476, 0.04602833092212677, 0.030406147241592407, 0.03884769231081009, 0.032423920929431915, 0.04684305936098099, 0.030694112181663513, 0.04471372067928314, 0.02735147625207901, 0.03835589811205864, 0.02779655158519745], "accuracy": [0.19470660388469696, 0.5226290822029114, 0.7096179127693176, 0.7972819805145264, 0.8440501689910889, 0.8770605325698853, 0.9038211703300476, 0.9154817461967468, 0.9284006357192993, 0.9370412230491638, 0.9434167742729187, 0.9484081864356995, 0.9526026844978333, 0.9557484984397888, 0.9635082483291626, 0.9664024114608765, 0.9612013101577759, 0.9705549478530884, 0.9649343490600586, 0.9666540622711182, 0.9766368865966797, 0.9742460250854492, 0.9731554985046387, 0.9754204750061035, 0.9794471859931946, 0.9803699254989624, 0.9815863370895386, 0.9706388115882874, 0.977727472782135, 0.9821316003799438, 0.9849418997764587, 0.9855291247367859, 0.9794052243232727, 0.9794890880584717, 0.9863680005073547, 0.9835157990455627, 0.9826769232749939, 0.983264148235321, 0.9824671745300293, 0.9856130480766296, 0.9886330366134644, 0.9894719123840332, 0.9845644235610962, 0.981292724609375, 0.9823413491249084, 0.9844805002212524, 0.9828866124153137, 0.989597737789154, 0.9803280234336853, 0.9868713617324829, 0.9845224618911743, 0.9908561110496521, 0.9879618883132935, 0.9893880486488342, 0.9848580360412598, 0.990310788154602, 0.9856969118118286, 0.9919046759605408, 0.987542450428009, 0.9914433360099792], "val_loss": [1.7189804315567017, 0.6505886316299438, 0.35402458906173706, 0.20603087544441223, 0.15423059463500977, 0.10334982722997665, 0.12233944237232208, 0.07701984792947769, 0.09001833945512772, 0.08144499361515045, 0.05543052777647972, 0.07981554418802261, 0.04893416538834572, 0.056972771883010864, 0.06783678382635117, 0.05996762216091156, 0.04618373140692711, 0.04256477579474449, 0.042509015649557114, 0.038639429956674576, 0.07876954972743988, 0.04757160320878029, 0.08258292824029922, 0.04201870411634445, 0.05357857421040535, 0.035590484738349915, 0.049016039818525314, 0.04006277397274971, 0.04349418729543686, 0.046174097806215286, 0.03704282268881798, 0.047870513051748276, 0.049560438841581345, 0.04174609109759331, 0.034878525882959366, 0.03670204058289528, 0.03477555140852928, 0.0369563065469265, 0.05587783083319664, 0.038865070790052414, 0.04200557619333267, 0.04558461531996727, 0.031208792701363564, 0.0425398163497448, 0.043520037084817886, 0.052004482597112656, 0.038488082587718964, 0.038934774696826935, 0.040588244795799255, 0.04146067053079605, 0.04013267531991005, 0.048508595675230026, 0.03432288020849228, 0.035523802042007446, 0.04371113330125809, 0.05619915574789047, 0.036559171974658966, 0.06131532043218613, 0.04053676128387451, 0.05236927047371864], "val_accuracy": [0.6430608630180359, 0.8728612065315247, 0.9222908616065979, 0.9579372406005859, 0.9636406898498535, 0.973621666431427, 0.9672053456306458, 0.980038046836853, 0.974096953868866, 0.9783745408058167, 0.9824144244194031, 0.9757604598999023, 0.9871672987937927, 0.9821767807006836, 0.9788498282432556, 0.9802756905555725, 0.9862167239189148, 0.9890684485435486, 0.9874049425125122, 0.9876425862312317, 0.9769486784934998, 0.9850285053253174, 0.9764733910560608, 0.9871672987937927, 0.9843155741691589, 0.9874049425125122, 0.9855037927627563, 0.9881178736686707, 0.9881178736686707, 0.9869296550750732, 0.9895437359809875, 0.9845532178878784, 0.9843155741691589, 0.9881178736686707, 0.9912072420120239, 0.9866920113563538, 0.9904943108558655, 0.9893060922622681, 0.9852661490440369, 0.9883555173873901, 0.9885931611061096, 0.9869296550750732, 0.9912072420120239, 0.9878802299499512, 0.9876425862312317, 0.9850285053253174, 0.9895437359809875, 0.9881178736686707, 0.9876425862312317, 0.9893060922622681, 0.9876425862312317, 0.9874049425125122, 0.9895437359809875, 0.9890684485435486, 0.9876425862312317, 0.9831273555755615, 0.9883555173873901, 0.9845532178878784, 0.9890684485435486, 0.9862167239189148]}