{"loss": [3.4916136264801025, 1.6824603080749512, 1.004961609840393, 0.6784688234329224, 0.5096563100814819, 0.3963351249694824, 0.3278491795063019, 0.26690471172332764, 0.24131546914577484, 0.19261053204536438, 0.19886502623558044, 0.16041097044944763, 0.1598396897315979, 0.12742534279823303, 0.13559438288211823, 0.11364979296922684, 0.0936814397573471, 0.1118776872754097, 0.0956403836607933, 0.08718579262495041, 0.08684344589710236, 0.11384528875350952, 0.09457923471927643, 0.06263640522956848, 0.05635674297809601, 0.06064096838235855, 0.08831936866044998, 0.0667177066206932, 0.05973031744360924, 0.05742398276925087, 0.06066463887691498, 0.04812949523329735, 0.046018507331609726, 0.04827873036265373, 0.06041007488965988, 0.05715709924697876, 0.07767780870199203, 0.04103592038154602, 0.04723628610372543, 0.03673067316412926, 0.061195772141218185, 0.03618749976158142, 0.03701586648821831, 0.06777548789978027, 0.03515976667404175, 0.05736025795340538, 0.0339663103222847, 0.026722315698862076, 0.04637431725859642, 0.039885345846414566, 0.04751414805650711, 0.03225671127438545, 0.02959434501826763, 0.03877408057451248, 0.029467187821865082, 0.03089221380650997, 0.033017583191394806, 0.047894515097141266, 0.04157044738531113, 0.03779931366443634], "accuracy": [0.2079610824584961, 0.5443563461303711, 0.7164967656135559, 0.8029025793075562, 0.8521454930305481, 0.8833522200584412, 0.9049956202507019, 0.9201375842094421, 0.9269325733184814, 0.9408581852912903, 0.9387609362602234, 0.9519734978675842, 0.9518895745277405, 0.9613271355628967, 0.9566293358802795, 0.964640736579895, 0.9718132615089417, 0.9652279615402222, 0.9694643616676331, 0.9727360606193542, 0.9734491109848022, 0.964011549949646, 0.9714357852935791, 0.9810830354690552, 0.9823413491249084, 0.9808313250541687, 0.9723166227340698, 0.9802441000938416, 0.9817541241645813, 0.9816702604293823, 0.9810410737991333, 0.9849838614463806, 0.9858227372169495, 0.9850677251815796, 0.9809152483940125, 0.982005774974823, 0.9766368865966797, 0.9874585866928101, 0.9856549501419067, 0.9885910749435425, 0.9807474613189697, 0.9888008236885071, 0.987542450428009, 0.9790277481079102, 0.9890524744987488, 0.9818379878997803, 0.9899752736091614, 0.9919466376304626, 0.9857388734817505, 0.9875844120979309, 0.9851935505867004, 0.9890105128288269, 0.9905624985694885, 0.9876263737678528, 0.99102383852005, 0.9899333119392395, 0.9891363382339478, 0.9851516485214233, 0.9871649742126465, 0.9883813858032227], "val_loss": [1.6689225435256958, 0.5629063248634338, 0.3085530698299408, 0.22512918710708618, 0.13740533590316772, 0.11514206975698471, 0.0890953466296196, 0.06928908824920654, 0.06414009630680084, 0.06041732057929039, 0.053563088178634644, 0.05256135016679764, 0.05465748533606529, 0.050505656749010086, 0.0442223846912384, 0.0368613600730896, 0.03964795544743538, 0.039921920746564865, 0.04871349409222603, 0.036958448588848114, 0.040021564811468124, 0.03804941475391388, 0.027208741754293442, 0.02983735129237175, 0.04055647924542427, 0.05412673205137253, 0.0547146201133728, 0.033692359924316406, 0.07349342107772827, 0.04570503905415535, 0.02630089409649372, 0.02760438248515129, 0.03327837213873863, 0.041517604142427444, 0.030282365158200264, 0.043770331889390945, 0.03316541016101837, 0.03932948037981987, 0.0355600081384182, 0.05053427442908287, 0.034509677439928055, 0.0313040129840374, 0.05992498993873596, 0.02760695293545723, 0.046428609639406204, 0.029920538887381554, 0.03115893341600895, 0.037748321890830994, 0.037424106150865555, 0.04043581709265709, 0.04296477138996124, 0.03220958635210991, 0.033071618527173996, 0.046306271106004715, 0.0383249931037426, 0.041913893073797226, 0.04003886878490448, 0.06163547933101654, 0.04049961641430855, 0.036138445138931274], "val_accuracy": [0.6461501717567444, 0.894011378288269, 0.9372623562812805, 0.9481939077377319, 0.9688687920570374, 0.9721958041191101, 0.9783745408058167, 0.9812262654304504, 0.98384028673172, 0.982889711856842, 0.9857414364814758, 0.9871672987937927, 0.9845532178878784, 0.9855037927627563, 0.9866920113563538, 0.9895437359809875, 0.9904943108558655, 0.9885931611061096, 0.9855037927627563, 0.989781379699707, 0.990256667137146, 0.9890684485435486, 0.9923954606056213, 0.9916825294494629, 0.9893060922622681, 0.9840779304504395, 0.9850285053253174, 0.9919201731681824, 0.9795627593994141, 0.9859790802001953, 0.9928707480430603, 0.9933460354804993, 0.990731954574585, 0.9883555173873901, 0.9928707480430603, 0.9895437359809875, 0.9921578168869019, 0.9900190234184265, 0.9909695982933044, 0.9847908616065979, 0.9904943108558655, 0.990731954574585, 0.9836026430130005, 0.9916825294494629, 0.9874049425125122, 0.9904943108558655, 0.9912072420120239, 0.990256667137146, 0.9900190234184265, 0.9890684485435486, 0.9878802299499512, 0.9895437359809875, 0.9909695982933044, 0.9852661490440369, 0.9883555173873901, 0.9883555173873901, 0.9859790802001953, 0.98384028673172, 0.9874049425125122, 0.990731954574585]}